{
    "$schema": "https://raw.githubusercontent.com/grafana/grafana/main/docs/sources/developers/plugins/plugin.schema.json",
    "type": "panel",
    "name": "Grafanaaccessibilitycolorblind",
    "id": "sogeking-grafanaaccessibilitycolorblind-panel",
    "info": {
        "keywords": [
            "panel"
        ],
        "description": "",
        "author": {
            "name": "Sogeking"
        },
        "logos": {
            "small": "img/logo.svg",
            "large": "img/logo.svg"
        },
        "links": [],
        "screenshots": [],
        "version": "1.0.0",
        "updated": "2025-11-17"
    },
    "dependencies": {
        "grafanaDependency": ">=10.4.0",
        "plugins": []
    },
    "buildMode": "production"
}